Date,"""deep state"" (Gab)","""deep state"" (Gettr)","""deep state"" (8kun)","""deep state"" (4chan)","""deep state"" (Truth Social)"
2022-01-01,24,116,10,32,0
2022-01-02,22,236,9,56,0
2022-01-03,38,338,11,36,0
2022-01-04,25,343,11,46,0
2022-01-05,45,415,16,52,0
2022-01-06,91,568,15,64,0
2022-01-07,55,517,18,63,0
2022-01-08,31,334,9,59,0
2022-01-09,38,334,19,47,0
2022-01-10,33,333,6,53,0
2022-01-11,26,376,17,54,0
2022-01-12,26,425,8,44,0
2022-01-13,34,371,20,59,0
2022-01-14,55,385,15,76,0
2022-01-15,51,347,28,50,0
2022-01-16,41,362,29,47,0
2022-01-17,42,355,42,50,0
2022-01-18,35,337,29,62,0
2022-01-19,29,343,13,53,0
2022-01-20,42,267,15,61,0
2022-01-21,40,313,21,40,0
2022-01-22,49,347,20,41,0
2022-01-23,32,279,10,36,0
2022-01-24,50,357,32,58,0
2022-01-25,34,372,40,6,0
2022-01-26,36,322,23,33,0
2022-01-27,30,301,15,53,0
2022-01-28,36,274,9,41,0
2022-01-29,37,269,20,41,0
2022-01-30,22,276,18,45,0
2022-01-31,43,343,7,44,0
2022-02-01,57,288,38,51,0
2022-02-02,44,368,18,37,0
2022-02-03,59,350,10,40,0
2022-02-04,51,334,13,41,0
2022-02-05,107,380,10,55,0
2022-02-06,27,311,12,40,0
2022-02-07,94,334,7,42,0
2022-02-08,64,282,10,52,0
2022-02-09,70,336,9,32,0
2022-02-10,58,352,8,9,0
2022-02-11,61,402,16,3,0
2022-02-12,33,372,29,34,0
2022-02-13,34,542,41,63,0
2022-02-14,55,582,14,55,1
2022-02-15,70,583,28,84,0
2022-02-16,46,416,10,54,0
2022-02-17,60,436,17,63,3
2022-02-18,60,396,25,50,3
2022-02-19,44,344,33,48,5
2022-02-20,42,320,29,58,7
2022-02-21,40,377,23,67,15
2022-02-22,51,394,22,76,41
2022-02-23,38,441,18,50,264
2022-02-24,125,1099,58,107,188
2022-02-25,128,1115,83,120,176
2022-02-26,123,1010,40,110,158
2022-02-27,123,1154,65,92,236
2022-02-28,135,1174,35,87,165
2022-03-01,289,912,6,88,144
2022-03-02,282,690,22,73,126
2022-03-03,279,740,32,97,246
2022-03-04,378,904,43,92,251
2022-03-05,248,650,20,42,315
2022-03-06,236,649,22,99,491
2022-03-07,282,720,23,65,647
2022-03-08,272,754,29,90,441
2022-03-09,411,844,24,83,996
2022-03-10,325,720,44,70,843
2022-03-11,415,652,37,94,954
2022-03-12,319,519,25,61,683
2022-03-13,302,630,30,59,857
2022-03-14,345,650,33,93,804
2022-03-15,356,551,26,80,691
2022-03-16,400,661,25,83,781
2022-03-17,431,716,32,103,1347
2022-03-18,333,658,42,82,1583
2022-03-19,275,714,34,60,849
2022-03-20,249,595,28,86,798
2022-03-21,252,616,49,96,861
2022-03-22,267,587,22,66,895
2022-03-23,233,454,19,82,552
2022-03-24,200,409,30,55,946
2022-03-25,222,424,32,83,1113
2022-03-26,222,416,18,192,791
2022-03-27,174,407,13,84,672
2022-03-28,200,410,18,73,751
2022-03-29,217,433,23,72,978
2022-03-30,151,448,15,72,619
2022-03-31,209,432,17,82,600
2022-04-01,235,400,20,74,537
2022-04-02,245,333,13,65,525
2022-04-03,199,359,10,66,1106
2022-04-04,241,358,32,93,942
2022-04-05,198,341,28,14,537
2022-04-06,207,314,16,6,1341
2022-04-07,196,352,16,4,518
2022-04-08,161,306,16,62,500
2022-04-09,143,292,16,85,426
2022-04-10,202,370,20,58,513
2022-04-11,178,450,19,66,624
2022-04-12,218,442,20,59,488
2022-04-13,139,357,9,55,388
2022-04-14,163,310,34,59,355
2022-04-15,135,339,22,99,605
2022-04-16,136,267,6,63,840
2022-04-17,132,259,10,67,456
2022-04-18,151,278,22,86,287
2022-04-19,128,268,8,92,423
2022-04-20,148,263,12,56,436
2022-04-21,129,293,19,80,550
2022-04-22,182,350,9,4,527
2022-04-23,107,275,8,0,679
2022-04-24,100,310,12,0,669
2022-04-25,148,347,19,0,929
2022-04-26,244,377,21,0,1002
2022-04-27,252,370,22,5,983
2022-04-28,141,313,18,37,1007
2022-04-29,142,330,18,64,884
2022-04-30,104,312,9,61,1076
2022-05-01,144,420,12,43,1512
2022-05-02,160,380,14,71,1464
2022-05-03,199,405,20,64,2603
2022-05-04,136,290,19,58,1026
2022-05-05,145,302,11,57,1073
2022-05-06,190,334,23,87,1170
2022-05-07,116,222,7,152,749
2022-05-08,108,205,14,50,1007
2022-05-09,133,332,22,75,870
2022-05-10,123,307,23,96,913
2022-05-11,140,312,6,73,934
2022-05-12,111,267,7,69,1045
2022-05-13,124,268,11,78,1782
2022-05-14,119,253,4,46,1028
2022-05-15,136,274,22,79,1343
2022-05-16,142,324,18,48,1042
2022-05-17,139,325,21,66,928
2022-05-18,143,277,18,69,1270
2022-05-19,157,302,18,89,1033
2022-05-20,115,319,20,46,1857
2022-05-21,114,291,18,59,1439
2022-05-22,130,266,17,45,3159
2022-05-23,136,274,9,41,1531
2022-05-24,172,268,30,76,1423
2022-05-25,193,351,10,59,2110
2022-05-26,184,307,14,96,1930
2022-05-27,185,316,7,73,1870
2022-05-28,149,282,21,51,1251
2022-05-29,112,279,23,50,1160
2022-05-30,93,246,21,32,1284
2022-05-31,177,429,22,72,1974
2022-06-01,198,364,27,66,1596
2022-06-02,181,306,23,60,1142
2022-06-03,136,273,12,50,1117
2022-06-04,116,247,8,38,1073
2022-06-05,123,256,13,41,1067
2022-06-06,97,280,17,36,884
2022-06-07,156,281,16,58,1101
2022-06-08,132,286,20,50,927
2022-06-09,142,265,4,85,957
2022-06-10,140,342,24,80,1219
2022-06-11,103,233,20,46,769
2022-06-12,154,280,7,83,616
2022-06-13,153,349,19,67,686
2022-06-14,191,307,14,41,862
2022-06-15,188,318,18,69,629
2022-06-16,136,271,6,54,698
2022-06-17,110,230,19,53,969
2022-06-18,109,203,12,48,516
2022-06-19,147,217,15,40,459
2022-06-20,147,210,14,61,472
2022-06-21,169,224,16,43,646
2022-06-22,157,278,11,45,610
2022-06-23,138,257,19,52,658
2022-06-24,133,270,38,54,679
2022-06-25,186,198,40,70,810
2022-06-26,148,219,20,51,550
2022-06-27,121,256,19,31,494
2022-06-28,177,310,16,70,686
2022-06-29,195,266,24,74,787
2022-06-30,243,386,23,54,912
2022-07-01,199,278,21,40,562
2022-07-02,137,248,30,40,508
2022-07-03,91,234,13,63,546
2022-07-04,128,259,19,57,447
2022-07-05,169,308,23,57,528
2022-07-06,132,293,133,52,479
2022-07-07,142,273,41,63,597
2022-07-08,191,320,63,58,729
2022-07-09,235,287,27,56,801
2022-07-10,180,279,20,63,517
2022-07-11,170,251,8,60,476
2022-07-12,145,258,19,66,606
2022-07-13,147,256,0,61,581
2022-07-14,158,240,6,52,678
2022-07-15,175,314,1,40,469
2022-07-16,127,273,1,54,517
2022-07-17,129,225,0,52,589
2022-07-18,113,343,3,32,589
2022-07-19,166,311,1,82,645
2022-07-20,239,415,3,45,773
2022-07-21,209,385,16,62,863
2022-07-22,150,429,8,60,663
2022-07-23,173,363,7,34,645
2022-07-24,111,339,1,45,607
2022-07-25,155,284,3,37,813
2022-07-26,151,311,79,40,578
2022-07-27,113,332,21,39,758
2022-07-28,206,317,0,40,562
2022-07-29,161,249,47,46,530
2022-07-30,118,232,2,58,562
2022-07-31,148,192,1,49,518
2022-08-01,177,273,0,21,488
2022-08-02,163,304,3,24,600
2022-08-03,178,315,63,94,734
2022-08-04,180,328,2,91,713
2022-08-05,259,318,0,54,661
2022-08-06,227,230,20,54,511
2022-08-07,249,274,3,65,746
2022-08-08,220,320,6,172,1080
2022-08-09,553,1590,4,219,5282
2022-08-10,347,927,3,161,2425
2022-08-11,361,785,22,140,1865
2022-08-12,372,710,21,248,1843
2022-08-13,245,508,2,173,1775
2022-08-14,205,465,2,98,1274
2022-08-15,288,617,7,83,1460
2022-08-16,381,505,4,2,1385
2022-08-17,225,497,2,68,1333
2022-08-18,324,621,2,85,1605
2022-08-19,260,486,5,62,1001
2022-08-20,168,321,8,52,958
2022-08-21,170,286,8,55,659
2022-08-22,201,338,0,47,805
2022-08-23,258,395,2,70,710
2022-08-24,236,334,4,63,832
2022-08-25,91,308,0,63,758
2022-08-26,128,375,1,72,890
2022-08-27,174,441,2,57,868
2022-08-28,262,538,3,68,908
2022-08-29,244,413,5,74,881
2022-08-30,220,391,3,22,1275
2022-08-31,317,369,3,49,1277
2022-09-01,104,333,7,53,1236
2022-09-02,221,337,1,22,930
2022-09-03,140,315,17,2,707
2022-09-04,118,261,1,38,714
2022-09-05,110,262,3,85,773
2022-09-06,90,301,4,86,867
2022-09-07,112,394,0,65,876
2022-09-08,102,437,2,52,869
2022-09-09,110,382,1,49,917
2022-09-10,94,279,0,56,676
2022-09-11,110,363,0,51,811
2022-09-12,69,318,0,43,908
2022-09-13,61,275,2,64,787
2022-09-14,134,307,0,35,1018
2022-09-15,68,263,0,49,807
2022-09-16,118,389,4,60,704
2022-09-17,86,320,0,62,593
2022-09-18,80,267,1,56,558
2022-09-19,76,282,1,55,659
2022-09-20,100,279,1,38,631
2022-09-21,100,262,0,138,711
2022-09-22,97,297,1,69,742
2022-09-23,113,351,2,62,564
2022-09-24,86,260,5,41,513
2022-09-25,107,306,2,51,505
2022-09-26,120,573,2,63,839
2022-09-27,132,419,1,86,727
2022-09-28,161,349,1,159,664
2022-09-29,172,328,0,156,597
2022-09-30,135,349,4,60,785
2022-10-01,151,289,2,54,588
2022-10-02,179,242,1,48,593
2022-10-03,169,305,7,61,620
2022-10-04,176,340,0,52,705
2022-10-05,248,342,5,62,646
2022-10-06,109,317,3,64,665
2022-10-07,131,298,0,38,679
2022-10-08,72,212,7,29,382
2022-10-09,90,291,1,39,408
2022-10-10,77,236,0,52,468
2022-10-11,92,318,1,44,556
2022-10-12,83,355,0,64,697
2022-10-13,138,315,0,64,597
2022-10-14,144,256,0,11,548
2022-10-15,85,266,1,5,595
2022-10-16,142,268,1,18,629
2022-10-17,153,277,0,35,653
2022-10-18,159,335,0,55,2123
2022-10-19,147,358,0,58,1341
2022-10-20,185,311,0,62,745
2022-10-21,178,287,0,59,698
2022-10-22,167,255,3,42,645
2022-10-23,183,298,0,60,658
2022-10-24,154,298,28,50,802
2022-10-25,151,283,17,48,693
2022-10-26,182,307,0,48,540
2022-10-27,306,500,0,37,1061
2022-10-28,181,264,0,72,686
2022-10-29,145,239,0,58,532
2022-10-30,168,236,0,44,550
2022-10-31,150,292,0,56,633
2022-11-01,166,279,1,50,867
2022-11-02,191,286,0,26,910
2022-11-03,266,262,0,28,814
2022-11-04,188,237,4,36,580
2022-11-05,234,201,2,37,572
2022-11-06,222,196,2,38,769
2022-11-07,235,321,0,32,729
2022-11-08,197,225,1,43,779
2022-11-09,302,345,3,78,1916
2022-11-10,242,375,7,77,2304
2022-11-11,267,452,7,57,2251
2022-11-12,302,317,7,42,1751
2022-11-13,171,323,0,57,1306
2022-11-14,161,320,1,27,1649
2022-11-15,137,439,3,46,1943
2022-11-16,315,561,3,53,4107
2022-11-17,155,445,26,42,2160
2022-11-18,154,358,3,25,1545
2022-11-19,239,337,4,23,1735
2022-11-20,314,473,2,35,2079
2022-11-21,198,351,2,21,1203
2022-11-22,141,284,0,16,1168
2022-11-23,310,239,1,16,919
2022-11-24,210,186,3,23,554
2022-11-25,197,242,6,23,558
2022-11-26,151,235,1,27,714
2022-11-27,176,201,6,14,726
2022-11-28,162,196,5,32,1154
2022-11-29,133,222,4,22,936
2022-11-30,179,223,1,12,878
2022-12-01,105,159,7,14,777
2022-12-02,168,143,3,26,759
2022-12-03,217,351,5,29,1537
2022-12-04,195,277,9,18,1262
2022-12-05,124,299,5,23,1452
2022-12-06,117,235,1,30,1410
2022-12-07,95,318,6,34,1610
2022-12-08,115,268,9,27,994
2022-12-09,93,637,5,29,1069
2022-12-10,142,555,4,20,1613
2022-12-11,133,514,5,24,1612
2022-12-12,112,413,5,29,1274
2022-12-13,188,345,9,19,1222
2022-12-14,141,432,6,29,1457
2022-12-15,153,395,3,26,1691
2022-12-16,125,390,11,28,1614
2022-12-17,104,441,5,29,1821
2022-12-18,93,379,1,10,1248
2022-12-19,79,334,7,22,1730
2022-12-20,128,487,12,33,3844
2022-12-21,162,405,7,33,2082
2022-12-22,95,463,10,36,1636
2022-12-23,94,330,12,14,1538
2022-12-24,93,396,15,28,1470
2022-12-25,78,226,2,21,742
2022-12-26,85,303,4,34,1117
2022-12-27,123,326,7,34,1455
2022-12-28,116,335,8,20,1354
2022-12-29,116,329,17,41,928
2022-12-30,105,327,14,35,1555
2022-12-31,103,255,2,40,1096
2023-01-01,76,298,6,31,748
2023-01-02,79,394,11,31,1075
2023-01-03,88,363,4,33,1163
2023-01-04,190,485,16,40,2074
2023-01-05,149,435,10,38,1509
2023-01-06,138,399,6,28,1696
2023-01-07,143,423,5,31,1424
2023-01-08,74,320,10,32,949
2023-01-09,85,380,11,30,1492
2023-01-10,78,358,21,24,1798
2023-01-11,123,389,10,26,2226
2023-01-12,148,512,14,52,1769
2023-01-13,95,586,14,22,1905
2023-01-14,78,426,16,38,1349
2023-01-15,74,371,12,40,1143
2023-01-16,72,380,18,27,1717
2023-01-17,75,418,14,21,1499
2023-01-18,85,377,12,24,997
2023-01-19,117,431,11,25,1208
2023-01-20,152,535,34,53,1910
2023-01-21,122,450,21,31,1662
2023-01-22,97,424,9,25,2250
2023-01-23,115,442,17,23,1623
2023-01-24,112,494,6,15,1630
2023-01-25,125,412,24,18,1265
2023-01-26,89,364,19,28,1368
2023-01-27,135,351,3,21,1248
2023-01-28,106,253,14,34,1091
2023-01-29,138,266,8,26,1192
2023-01-30,115,398,18,36,1938
2023-01-31,139,367,18,31,1526
2023-02-01,152,461,12,27,1770
2023-02-02,113,325,4,18,1739
2023-02-03,158,295,19,28,1534
2023-02-04,120,310,10,24,1374
2023-02-05,120,296,13,22,1003
2023-02-06,73,321,12,27,1428
2023-02-07,88,328,3,23,1012
2023-02-08,106,282,6,31,1125
2023-02-09,82,359,16,25,1454
2023-02-10,83,375,9,23,1077
2023-02-11,55,315,5,25,1250
2023-02-12,73,322,16,25,1269
2023-02-13,45,372,9,34,1272
2023-02-14,94,375,5,42,1542
2023-02-15,86,303,4,19,1292
2023-02-16,88,290,7,34,1277
2023-02-17,100,314,10,30,1559
2023-02-18,56,229,11,32,1065
2023-02-19,78,269,17,36,1110
2023-02-20,78,427,6,41,1359
2023-02-21,73,363,13,19,1401
2023-02-22,90,344,13,0,1597
2023-02-23,47,271,6,0,991
2023-02-24,68,321,14,0,1184
2023-02-25,101,245,23,22,933
2023-02-26,66,275,4,39,870
2023-02-27,74,334,16,32,1094
2023-02-28,87,299,20,37,1158
2023-03-01,90,308,20,54,1236
2023-03-02,102,298,7,38,1373
2023-03-03,97,308,21,37,1654
2023-03-04,90,312,35,39,2621
2023-03-05,128,435,20,52,3350
2023-03-06,142,355,15,48,2076
2023-03-07,159,501,12,47,2983
2023-03-08,128,469,24,37,2405
2023-03-09,151,400,19,37,2346
2023-03-10,145,380,24,30,1719
2023-03-11,86,283,26,50,1247
2023-03-12,106,272,19,29,1492
2023-03-13,80,220,13,28,1059
2023-03-14,229,499,20,39,1819
2023-03-15,98,285,35,32,1214
2023-03-16,130,272,8,39,1291
2023-03-17,86,256,7,35,1269
2023-03-18,275,510,41,83,3697
2023-03-19,161,415,32,59,2901
2023-03-20,157,322,23,56,2340
2023-03-21,202,485,31,77,3584
2023-03-22,310,548,23,51,3285
2023-03-23,204,394,26,54,2854
2023-03-24,220,324,27,50,1994
2023-03-25,266,273,9,32,1426
2023-03-26,279,512,21,62,5444
2023-03-27,194,370,12,45,1771
2023-03-28,188,289,2,43,1460
2023-03-29,197,284,6,33,1545
2023-03-30,193,372,8,77,4281
2023-03-31,336,612,33,73,7843
2023-04-01,298,419,13,46,2269
2023-04-02,244,313,8,38,1964
2023-04-03,294,398,19,39,2390
2023-04-04,353,448,7,58,3730
2023-04-05,526,398,11,54,2934
2023-04-06,373,324,28,56,2194
2023-04-07,280,246,24,40,1368
2023-04-08,382,302,8,44,1341
2023-04-09,284,277,16,44,1247
2023-04-10,284,280,20,40,1333
2023-04-11,281,240,23,32,1100
2023-04-12,283,357,22,51,1519
2023-04-13,269,266,13,61,1387
2023-04-14,311,362,21,60,1551
2023-04-15,226,244,16,55,1515
2023-04-16,299,283,15,44,1398
2023-04-17,324,281,21,57,1090
2023-04-18,287,259,11,42,891
2023-04-19,241,218,17,73,1100
2023-04-20,316,222,14,70,862
2023-04-21,296,275,18,62,1239
2023-04-22,240,261,24,50,1427
2023-04-23,263,251,15,56,2168
2023-04-24,438,376,11,80,1848
2023-04-25,481,407,18,63,1817
2023-04-26,378,353,14,58,2230
2023-04-27,469,340,14,43,1749
2023-04-28,425,300,7,61,1592
2023-04-29,291,270,7,65,1705
2023-04-30,247,255,21,65,1726
2023-05-01,284,229,23,43,1392
2023-05-02,300,251,20,33,786
2023-05-03,267,259,20,45,1812
2023-05-04,377,310,46,49,3265
2023-05-05,386,349,35,49,1783
2023-05-06,308,296,27,54,1500
2023-05-07,290,246,59,71,1202
2023-05-08,306,279,12,51,1210
2023-05-09,327,319,29,57,1376
2023-05-10,564,536,27,45,2020
2023-05-11,367,359,13,59,1405
2023-05-12,347,298,16,40,1184
2023-05-13,298,285,9,49,1093
2023-05-14,276,275,2,41,774
2023-05-15,427,456,8,70,2501
2023-05-16,703,756,16,53,5643
2023-05-17,582,633,5,78,4252
2023-05-18,446,422,13,64,1824
2023-05-19,327,391,3,61,1518
2023-05-20,332,294,18,45,1214
2023-05-21,391,298,0,52,1179
2023-05-22,404,367,19,41,1230
2023-05-23,473,322,6,65,1543
2023-05-24,490,411,8,82,2974
2023-05-25,457,402,10,99,2290
2023-05-26,310,357,7,92,1943
2023-05-27,256,278,2,81,1230
2023-05-28,239,260,2,78,1149
2023-05-29,250,269,11,55,1310
2023-05-30,172,260,1,46,1195
2023-05-31,219,235,0,43,1179
2023-06-01,224,275,1,62,1756
2023-06-02,262,235,6,47,1905
2023-06-03,198,177,24,40,1076
2023-06-04,156,172,16,61,944
2023-06-05,241,210,9,49,1170
2023-06-06,241,297,9,55,1443
2023-06-07,348,299,26,73,1588
2023-06-08,365,304,21,64,2260
2023-06-09,415,543,51,126,4382
2023-06-10,273,355,19,86,2814
2023-06-11,277,417,44,73,1838
2023-06-12,340,380,45,100,1985
2023-06-13,355,382,41,119,2004
2023-06-14,385,573,41,122,2686
2023-06-15,281,431,33,88,2322
2023-06-16,230,313,24,81,1314
2023-06-17,220,274,12,82,977
2023-06-18,241,277,33,78,1025
2023-06-19,258,340,84,63,1417
2023-06-20,290,341,54,80,2861
2023-06-21,283,389,54,70,2680
2023-06-22,274,353,93,45,1605
2023-06-23,321,322,61,49,1416
2023-06-24,196,299,47,75,1510
2023-06-25,211,284,121,73,1766
2023-06-26,196,323,59,72,2734
2023-06-27,263,427,38,75,2393
2023-06-28,225,290,37,50,1578
2023-06-29,252,406,49,65,1326
2023-06-30,180,251,8,57,1650
2023-07-01,144,197,18,53,1786
2023-07-02,163,235,24,33,1197
2023-07-03,168,237,91,30,2018
2023-07-04,160,190,34,22,1986
2023-07-05,147,250,13,34,1223
2023-07-06,149,255,10,40,925
2023-07-07,176,269,13,42,949
2023-07-08,226,235,16,44,1080
2023-07-09,150,231,17,53,3725
2023-07-10,141,229,38,47,1278
2023-07-11,154,260,22,39,884
2023-07-12,175,268,32,47,1096
2023-07-13,235,282,8,55,2042
2023-07-14,164,265,14,39,1252
2023-07-15,190,231,19,68,1129
2023-07-16,138,269,15,62,2293
2023-07-17,230,362,32,43,2216
2023-07-18,182,397,28,54,5090
2023-07-19,207,430,12,38,2803
2023-07-20,226,380,23,43,2243
2023-07-21,205,342,29,47,2344
2023-07-22,144,238,21,32,2203
2023-07-23,150,226,25,48,1133
2023-07-24,196,320,21,47,2138
2023-07-25,242,315,27,54,1645
2023-07-26,217,368,34,65,2028
2023-07-27,163,326,20,47,2710
2023-07-28,208,338,31,37,1602
2023-07-29,163,332,20,38,1264
2023-07-30,85,291,23,38,1238
2023-07-31,136,340,10,47,1236
2023-08-01,166,353,11,75,2271
2023-08-02,216,512,8,79,5501
2023-08-03,241,598,6,93,2738
2023-08-04,247,547,8,94,2388
2023-08-05,206,428,7,59,3898
2023-08-06,171,374,10,88,1896
2023-08-07,164,382,11,55,2628
2023-08-08,171,365,32,64,2196
2023-08-09,169,339,25,52,1782
2023-08-10,121,360,8,13,1638
2023-08-11,153,302,3,3,1607
2023-08-12,168,275,7,12,1436
2023-08-13,111,253,16,32,1421
2023-08-14,150,227,20,55,1783
2023-08-15,243,345,29,75,3715
2023-08-16,187,296,16,67,1843
2023-08-17,204,300,52,60,2575
2023-08-18,238,276,15,68,1516
2023-08-19,247,256,19,56,1863
2023-08-20,175,284,22,55,1926
2023-08-21,239,360,42,67,1939
2023-08-22,185,338,28,51,1777
2023-08-23,246,353,26,56,3259
2023-08-24,204,343,22,93,3101
2023-08-25,255,420,53,101,6403
2023-08-26,167,331,28,59,2768
2023-08-27,145,273,28,59,1733
2023-08-28,122,252,31,45,2250
2023-08-29,142,271,32,51,2554
2023-08-30,113,284,54,64,1950
2023-08-31,123,343,22,56,1595
2023-09-01,115,280,18,41,1283
2023-09-02,89,203,13,26,919
2023-09-03,87,196,20,43,811
2023-09-04,75,231,18,34,968
2023-09-05,74,266,18,39,1094
2023-09-06,109,331,27,29,1941
2023-09-07,98,273,20,28,2167
2023-09-08,98,231,31,64,1508
2023-09-09,91,193,16,46,1183
2023-09-10,98,198,18,35,1145
2023-09-11,159,237,13,52,1832
2023-09-12,115,239,31,33,2137
2023-09-13,101,248,29,38,1573
2023-09-14,142,288,23,51,1344
2023-09-15,156,272,15,30,1139
2023-09-16,128,330,33,48,1587
2023-09-17,127,268,13,36,1087
2023-09-18,153,225,14,37,1449
2023-09-19,112,212,41,45,2144
2023-09-20,165,261,23,50,1501
2023-09-21,97,239,13,45,1233
2023-09-22,127,226,7,38,1219
2023-09-23,130,176,22,34,1079
2023-09-24,117,196,21,17,928
2023-09-25,83,207,15,24,1832
2023-09-26,158,283,10,20,3801
2023-09-27,101,229,34,27,2233
2023-09-28,134,271,34,37,1823
2023-09-29,128,193,16,31,1207
2023-09-30,64,188,21,23,1247
2023-10-01,85,229,26,27,1232
2023-10-02,74,273,17,12,1349
2023-10-03,94,234,16,42,1705
2023-10-04,106,298,18,57,2724
2023-10-05,102,266,36,47,1680
2023-10-06,113,287,30,27,1702
2023-10-07,67,217,32,23,1454
2023-10-08,92,263,22,34,1374
2023-10-09,102,306,64,31,1538
2023-10-10,132,257,36,39,1442
2023-10-11,112,223,26,32,1515
2023-10-12,68,222,36,29,1671
2023-10-13,53,263,42,24,1529
2023-10-14,41,205,17,20,1070
2023-10-15,32,196,17,24,1465
2023-10-16,51,234,14,26,1335
2023-10-17,65,236,47,29,1656
2023-10-18,55,233,29,44,1412
2023-10-19,78,330,29,30,1883
2023-10-20,96,267,36,33,1448
2023-10-21,44,269,37,18,1430
2023-10-22,43,186,16,39,1377
2023-10-23,60,225,13,41,1157
2023-10-24,45,248,18,28,1199
2023-10-25,41,189,24,40,1423
2023-10-26,57,186,22,51,1115
2023-10-27,33,193,17,41,1070
2023-10-28,38,146,17,37,1020
2023-10-29,45,195,15,38,1274
2023-10-30,31,181,17,40,988
2023-10-31,55,195,22,28,1056
2023-11-01,39,178,18,31,2854
2023-11-02,50,201,21,38,3621
2023-11-03,40,199,15,43,3352
2023-11-04,43,216,18,35,1303
2023-11-05,38,173,33,38,1321
2023-11-06,39,204,20,43,1199
2023-11-07,37,223,11,36,1630
2023-11-08,44,180,16,56,1599
2023-11-09,57,223,36,45,1781
2023-11-10,65,244,23,40,1079
2023-11-11,45,155,21,34,912
2023-11-12,32,153,13,41,884
2023-11-13,43,188,21,55,1162
2023-11-14,46,186,19,31,873
2023-11-15,55,196,26,37,1148
2023-11-16,44,199,18,34,1537
2023-11-17,49,245,27,42,1668
2023-11-18,49,184,29,50,1236
2023-11-19,45,172,54,53,3730
2023-11-20,57,180,32,32,1401
2023-11-21,43,157,28,42,1165
2023-11-22,41,228,23,46,1300
2023-11-23,31,188,27,48,955
2023-11-24,92,184,23,29,1023
2023-11-25,32,169,22,33,828
2023-11-26,34,152,22,33,1295
2023-11-27,69,165,15,37,1185
2023-11-28,36,200,24,49,1603
2023-11-29,55,223,16,56,1131
2023-11-30,64,234,13,48,1584
2023-12-01,43,199,33,52,1304
2023-12-02,35,211,17,32,876
2023-12-03,52,196,27,48,779
2023-12-04,47,210,18,49,851
2023-12-05,54,240,23,41,1165
2023-12-06,84,329,20,39,1658
2023-12-07,113,369,40,56,2215
2023-12-08,112,251,16,41,2083
2023-12-09,92,251,16,50,1459
2023-12-10,63,183,24,56,976
2023-12-11,62,194,20,43,1163
2023-12-12,68,267,28,43,1163
2023-12-13,89,207,32,58,1308
2023-12-14,101,312,19,50,1564
2023-12-15,81,287,38,45,1957
2023-12-16,53,283,33,43,1033
2023-12-17,46,218,23,40,960
2023-12-18,80,194,19,55,1159
2023-12-19,81,299,19,57,3042
2023-12-20,115,292,15,70,3211
2023-12-21,116,263,15,40,1396
2023-12-22,62,235,37,47,2485
2023-12-23,70,225,36,34,1384
2023-12-24,48,172,21,25,1096
2023-12-25,40,154,21,17,808
2023-12-26,45,162,30,33,749
2023-12-27,67,191,15,39,918
2023-12-28,83,202,15,37,1042
2023-12-29,93,206,24,36,1604
2023-12-30,82,286,26,34,1278
2023-12-31,78,192,29,38,1222
2024-01-01,77,200,26,31,1074
2024-01-02,76,217,27,41,1318
2024-01-03,71,249,21,35,1763
2024-01-04,99,235,32,34,2235
2024-01-05,70,251,31,34,2313
2024-01-06,80,291,54,54,3263
2024-01-07,75,310,40,52,1528
2024-01-08,96,324,38,42,1448
2024-01-09,79,271,26,33,1151
2024-01-10,92,284,21,35,1328
2024-01-11,74,253,26,25,1209
2024-01-12,71,232,35,49,1220
2024-01-13,51,233,10,47,957
2024-01-14,111,263,35,61,1693
2024-01-15,216,740,76,63,2595
2024-01-16,139,458,37,79,3606
2024-01-17,132,375,48,88,2305
2024-01-18,106,314,28,54,2091
2024-01-19,88,233,22,64,1463
2024-01-20,61,237,30,63,1819
2024-01-21,77,248,24,51,2362
2024-01-22,110,280,29,58,1712
2024-01-23,108,281,28,68,1946
2024-01-24,143,285,17,52,2732
2024-01-25,108,306,31,51,2480
2024-01-26,102,234,25,48,1435
2024-01-27,83,210,42,44,1482
2024-01-28,71,220,21,37,1028
2024-01-29,126,277,31,40,1152
2024-01-30,101,236,27,67,1079
2024-01-31,93,183,39,57,1093
2024-02-01,80,181,27,37,846
2024-02-02,75,155,24,42,859
2024-02-03,62,178,25,39,976
2024-02-04,50,173,26,54,771
2024-02-05,77,224,67,34,1184
2024-02-06,114,225,44,47,2282
2024-02-07,99,285,36,61,1493
2024-02-08,113,278,47,67,1638
2024-02-09,142,340,48,104,1976
2024-02-10,115,330,47,65,2117
2024-02-11,58,248,19,78,4710
2024-02-12,49,239,22,80,1891
2024-02-13,80,288,37,53,1591
2024-02-14,89,327,32,58,4278
2024-02-15,114,359,51,65,3119
2024-02-16,114,316,56,94,2067
2024-02-17,102,300,61,67,2375
2024-02-18,85,263,29,58,1760
2024-02-19,91,260,32,54,1420
2024-02-20,124,253,38,68,1530
2024-02-21,117,232,78,52,1248
2024-02-22,162,314,30,73,1484
2024-02-23,149,212,42,74,1011
2024-02-24,94,200,39,46,1114
2024-02-25,128,215,31,30,1513
2024-02-26,136,219,31,40,1314
2024-02-27,172,246,39,53,2920
2024-02-28,91,197,68,41,1420
2024-02-29,92,209,21,40,1286
2024-03-01,91,188,26,25,1473
2024-03-02,93,232,55,32,1167
2024-03-03,82,166,49,32,1087
2024-03-04,57,231,37,37,1240
2024-03-05,70,199,18,48,1056
2024-03-06,80,190,17,64,1701
2024-03-07,43,192,46,56,1421
2024-03-08,87,182,26,59,1837
2024-03-09,61,144,38,48,957
2024-03-10,100,170,37,41,842
2024-03-11,71,170,21,37,906
2024-03-12,81,254,28,64,1256
2024-03-13,74,205,32,82,1263
2024-03-14,47,170,24,52,1671
2024-03-15,62,205,66,65,1389
2024-03-16,56,162,35,49,1784
2024-03-17,58,127,64,70,996
2024-03-18,65,193,20,66,1836
2024-03-19,90,236,34,135,1647
2024-03-20,96,341,43,89,2822
2024-03-21,91,244,21,59,1740
2024-03-22,95,339,39,64,1867
2024-03-23,115,419,45,63,2013
2024-03-24,84,313,29,73,1390
2024-03-25,40,246,36,46,1368
2024-03-26,78,236,48,44,1531
2024-03-27,61,168,24,52,1752
2024-03-28,45,132,15,40,1503
2024-03-29,33,124,37,34,962
2024-03-30,40,99,36,52,808
2024-03-31,39,87,32,29,654
2024-04-01,47,175,29,34,574
2024-04-02,46,127,20,25,563
2024-04-03,69,144,57,30,718
2024-04-04,56,195,24,32,1119
2024-04-05,123,226,46,17,1019
2024-04-06,56,174,51,34,906
2024-04-07,54,181,31,30,788
2024-04-08,38,175,13,36,767
2024-04-09,48,183,5,32,1329
2024-04-10,83,307,15,34,1984
2024-04-11,115,314,43,22,1790
2024-04-12,75,365,29,25,1631
2024-04-13,81,340,18,40,1514
2024-04-14,70,222,8,23,984
2024-04-15,48,203,13,42,1190
2024-04-16,75,270,34,45,1266
2024-04-17,60,249,29,46,1004
2024-04-18,65,256,50,38,906
2024-04-19,55,196,18,39,892
2024-04-20,30,272,23,44,1195
2024-04-21,44,261,26,38,905
2024-04-22,73,206,30,62,836
2024-04-23,51,202,17,61,1240
2024-04-24,92,265,23,39,1074
2024-04-25,55,237,29,16,1124
2024-04-26,39,196,23,20,1010
2024-04-27,36,161,26,31,777
2024-04-28,40,166,27,36,922
2024-04-29,47,261,57,28,1044
2024-04-30,78,261,41,43,1056
2024-05-01,40,195,28,34,972
2024-05-02,45,256,34,44,1175
2024-05-03,29,194,45,43,1129
2024-05-04,92,122,5,22,869
2024-05-05,118,146,30,19,863
2024-05-06,28,145,24,47,793
2024-05-07,34,189,31,38,902
2024-05-08,41,250,40,30,1152
2024-05-09,48,170,32,21,732
2024-05-10,43,181,13,33,765
2024-05-11,40,145,9,42,732
2024-05-12,23,164,20,28,2695
2024-05-13,34,139,11,27,1107
2024-05-14,25,206,28,20,981
2024-05-15,38,254,21,30,1095
2024-05-16,32,197,24,18,853
2024-05-17,41,200,53,13,1019
2024-05-18,36,241,40,21,1032
2024-05-19,24,206,15,8,528
2024-05-20,35,182,19,10,749
2024-05-21,27,165,15,19,849
2024-05-22,34,261,21,19,1057
2024-05-23,39,175,17,22,1002
2024-05-24,34,181,15,15,885
2024-05-25,21,165,17,24,752
2024-05-26,45,173,40,23,3591
2024-05-27,24,131,11,10,723
2024-05-28,26,191,15,13,886
2024-05-29,75,130,14,24,855
2024-05-30,60,208,28,33,1788
2024-05-31,102,342,28,87,2197
2024-06-01,57,245,41,26,1379
2024-06-02,73,265,39,19,1165
2024-06-03,66,190,40,28,845
2024-06-04,56,213,41,34,1383
2024-06-05,74,201,33,27,1150
2024-06-06,74,267,29,23,2492
2024-06-07,62,215,46,25,1462
2024-06-08,42,177,46,24,2227
2024-06-09,39,199,27,19,1407
2024-06-10,54,160,22,17,964
2024-06-11,74,173,27,27,1215
2024-06-12,59,184,20,22,1448
2024-06-13,48,185,25,18,1377
2024-06-14,61,178,22,24,1120
2024-06-15,72,150,30,25,874
2024-06-16,64,146,21,27,905
2024-06-17,106,131,37,34,761
2024-06-18,129,161,21,20,854
2024-06-19,192,168,37,31,959
2024-06-20,162,203,37,28,1068
2024-06-21,171,205,60,25,855
2024-06-22,152,202,26,13,853
2024-06-23,154,231,23,17,1210
2024-06-24,162,191,40,31,1024
2024-06-25,161,239,65,36,1591
2024-06-26,243,228,38,45,1526
2024-06-27,269,252,114,29,1303
2024-06-28,283,244,70,44,2138
2024-06-29,360,260,114,57,1705
2024-06-30,307,267,141,36,1527
2024-07-01,272,244,144,23,1647
2024-07-02,307,248,187,41,1525
2024-07-03,251,172,95,26,1140
2024-07-04,189,151,114,31,872
2024-07-05,132,152,88,45,939
2024-07-06,223,152,102,32,1785
2024-07-07,253,178,53,15,1485
2024-07-08,154,160,196,18,969
2024-07-09,157,185,53,30,1350
2024-07-10,230,219,58,35,1241
2024-07-11,282,277,62,20,1415
2024-07-12,282,224,92,20,1466
2024-07-13,212,315,86,50,1977
2024-07-14,1077,964,284,33,6480
2024-07-15,756,653,153,53,4149
2024-07-16,569,493,108,59,2745
2024-07-17,450,330,40,32,2939
2024-07-18,389,393,35,44,2439
2024-07-19,538,404,84,96,2108
2024-07-20,345,359,118,71,1870
2024-07-21,438,411,100,63,2419
2024-07-22,408,518,67,54,3079
2024-07-23,407,483,84,46,4338
2024-07-24,361,413,78,71,2865
2024-07-25,282,308,55,87,2261
2024-07-26,358,367,73,66,2461
2024-07-27,245,287,139,64,1608
2024-07-28,293,235,10,56,1286
2024-07-29,334,205,133,76,1636
2024-07-30,224,234,127,53,2562
2024-07-31,368,211,166,42,1985
2024-08-01,518,168,102,53,1585
2024-08-02,307,176,71,49,2064
2024-08-03,381,171,27,50,1226
2024-08-04,269,154,74,36,1068
2024-08-05,397,179,120,33,1486
2024-08-06,332,211,62,46,1049
2024-08-07,338,181,112,60,915
2024-08-08,258,160,50,48,965
2024-08-09,112,183,28,30,1143
2024-08-10,178,158,28,30,1366
2024-08-11,322,127,19,28,2094
2024-08-12,282,152,149,33,1605
2024-08-13,413,137,41,23,1614
2024-08-14,483,134,63,33,1464
2024-08-15,206,158,34,14,1273
2024-08-16,373,148,42,16,1195
2024-08-17,370,164,45,27,805
2024-08-18,320,101,26,27,850
2024-08-19,259,121,27,15,1325
2024-08-20,94,128,63,19,1413
2024-08-21,122,112,40,35,1087
2024-08-22,349,155,32,21,1347
2024-08-23,372,149,39,35,1472
2024-08-24,409,202,55,37,2429
2024-08-25,421,190,68,61,1450
2024-08-26,491,180,33,33,1370
2024-08-27,369,184,29,35,1772
2024-08-28,441,170,33,29,1612
2024-08-29,365,163,17,29,1457
2024-08-30,346,101,18,25,1099
2024-08-31,117,95,19,24,894
2024-09-01,184,138,34,37,1429
2024-09-02,199,112,11,18,869
2024-09-03,362,196,15,32,1589
2024-09-04,318,134,42,38,1095
2024-09-05,405,123,45,58,1331
2024-09-06,288,130,27,51,1182
2024-09-07,360,116,17,57,1060
2024-09-08,365,86,20,40,860
2024-09-09,150,114,25,29,1085
2024-09-10,133,143,7,39,1246
2024-09-11,222,111,30,33,1504
2024-09-12,193,139,31,30,1281
2024-09-13,361,109,102,29,1046
2024-09-14,332,117,21,30,882
2024-09-15,371,172,30,24,2057
2024-09-16,556,346,27,33,3334
2024-09-17,651,223,16,19,1873
2024-09-18,459,217,47,29,1513
2024-09-19,567,152,14,20,1287
2024-09-20,334,109,20,16,1016
2024-09-21,331,167,10,21,770
2024-09-22,330,133,31,6,1257
2024-09-23,441,157,49,12,1456
2024-09-24,487,212,7,7,1263
2024-09-25,458,188,28,12,1167
2024-09-26,367,194,29,6,3844
2024-09-27,333,159,23,14,1822
2024-09-28,193,145,15,4,800
2024-09-29,193,97,26,2,836
2024-09-30,212,102,29,9,1039
2024-10-01,198,121,24,9,1006
2024-10-02,132,100,16,4,1749
2024-10-03,71,131,37,21,2367
2024-10-04,63,139,23,19,1639
2024-10-05,37,117,20,17,1056
2024-10-06,106,135,16,9,1089
2024-10-07,82,111,30,22,2187
2024-10-08,70,105,23,21,1053
2024-10-09,145,110,19,10,977
2024-10-10,143,116,9,21,735
2024-10-11,135,107,75,50,843
2024-10-12,113,108,26,57,642
2024-10-13,153,119,51,68,763
2024-10-14,94,155,14,31,931
2024-10-15,158,115,25,62,874
2024-10-16,128,158,50,65,744
2024-10-17,183,170,94,71,991
2024-10-18,159,117,46,59,634
2024-10-19,122,104,7,60,632
2024-10-20,137,118,15,66,703
2024-10-21,196,153,55,59,965
2024-10-22,190,171,5,78,904
2024-10-23,194,161,20,66,1314
2024-10-24,198,227,16,68,1463
2024-10-25,200,263,44,62,1503
2024-10-26,186,153,22,91,944
2024-10-27,174,157,41,68,1199
2024-10-28,131,205,33,65,1040
2024-10-29,227,249,34,74,1355
2024-10-30,196,153,22,78,1438
2024-10-31,165,165,21,60,1143
2024-11-01,141,150,17,76,779
2024-11-02,154,140,21,107,744
2024-11-03,146,161,22,95,1182
2024-11-04,214,165,22,100,993
2024-11-05,179,150,35,149,1040
2024-11-06,311,227,61,263,1776
2024-11-07,274,267,43,176,1549
2024-11-08,398,545,71,226,4793
2024-11-09,381,491,32,152,2433
2024-11-10,280,298,37,143,1875
2024-11-11,324,312,27,128,1669
2024-11-12,347,376,42,169,2058
2024-11-13,275,431,52,164,2971
2024-11-14,303,386,28,99,2498
2024-11-15,307,383,26,114,2112
2024-11-16,219,329,41,74,1623
2024-11-17,194,291,25,104,1671
2024-11-18,270,318,46,69,2282
2024-11-19,264,312,55,63,1838
2024-11-20,244,354,42,79,1684
2024-11-21,240,394,56,90,2673
2024-11-22,240,432,17,82,2068
2024-11-23,256,331,27,63,2213
2024-11-24,261,319,36,60,1618
2024-11-25,164,217,24,65,1298
2024-11-26,179,211,14,73,1318
2024-11-27,134,148,42,69,1032
2024-11-28,162,165,16,58,888
2024-11-29,166,170,15,46,887
2024-11-30,118,153,8,80,672
2024-12-01,242,299,69,89,2886
2024-12-02,219,229,31,71,2007
2024-12-03,213,222,35,73,1607
2024-12-04,332,306,66,53,3407
2024-12-05,225,273,42,66,2207
2024-12-06,235,216,27,65,1487
2024-12-07,186,149,32,73,1036
2024-12-08,132,132,27,64,993
2024-12-09,160,131,24,63,878
2024-12-10,179,133,28,64,1027
2024-12-11,212,207,27,47,1841
2024-12-12,212,197,16,46,1344
2024-12-13,167,168,23,50,1015
2024-12-14,147,142,20,33,1340
2024-12-15,135,148,11,52,877
2024-12-16,143,126,17,69,1026
2024-12-17,163,139,33,56,1223
2024-12-18,207,148,16,61,1677
2024-12-19,195,187,23,39,1343
2024-12-20,158,136,44,57,1268
2024-12-21,160,112,29,60,935
2024-12-22,129,103,12,28,755
2024-12-23,162,86,17,78,700
2024-12-24,127,115,18,48,694
2024-12-25,91,88,54,36,463
2024-12-26,118,80,18,52,535
2024-12-27,155,91,27,60,745
2024-12-28,174,121,25,69,800
2024-12-29,148,130,28,64,833
2024-12-30,150,153,23,62,850
2024-12-31,188,139,45,60,822
2025-01-01,31,26,8,6,135
