Date,"""false flag"" (Truth Social)","""false flag"" (Gettr)","""false flag"" (Gab)","""false flag"" (8kun)","""false flag"" (4chan)"
2022-01-01,0,15,4,0,50
2022-01-02,0,12,6,0,97
2022-01-03,0,59,6,1,95
2022-01-04,0,66,7,6,82
2022-01-05,0,128,6,4,142
2022-01-06,0,334,27,26,172
2022-01-07,0,171,18,16,115
2022-01-08,0,77,19,1,97
2022-01-09,0,100,9,5,103
2022-01-10,0,115,8,6,104
2022-01-11,0,97,4,2,112
2022-01-12,0,120,12,3,130
2022-01-13,0,150,25,7,107
2022-01-14,0,351,13,68,362
2022-01-15,0,244,26,87,333
2022-01-16,0,209,30,26,171
2022-01-17,0,173,15,42,177
2022-01-18,0,135,25,48,200
2022-01-19,0,172,19,33,198
2022-01-20,0,123,10,21,142
2022-01-21,0,118,11,20,119
2022-01-22,0,92,9,22,101
2022-01-23,0,122,18,13,121
2022-01-24,0,169,13,39,217
2022-01-25,0,174,23,12,7
2022-01-26,0,156,10,9,149
2022-01-27,0,105,12,24,186
2022-01-28,0,186,21,10,233
2022-01-29,0,156,20,28,186
2022-01-30,0,130,12,14,192
2022-01-31,0,117,24,24,214
2022-02-01,0,108,23,14,171
2022-02-02,0,100,17,9,206
2022-02-03,0,151,16,42,223
2022-02-04,0,491,54,17,246
2022-02-05,0,283,37,8,217
2022-02-06,0,168,24,11,214
2022-02-07,0,159,18,4,209
2022-02-08,0,154,14,25,178
2022-02-09,0,157,16,11,90
2022-02-10,0,149,18,31,15
2022-02-11,0,153,21,17,4
2022-02-12,0,163,20,4,143
2022-02-13,0,195,13,2,143
2022-02-14,0,273,33,20,309
2022-02-15,0,294,37,8,265
2022-02-16,0,263,30,8,172
2022-02-17,0,338,49,33,353
2022-02-18,2,349,42,25,427
2022-02-19,1,221,29,12,245
2022-02-20,0,174,20,18,289
2022-02-21,2,192,21,15,361
2022-02-22,11,179,34,27,280
2022-02-23,27,218,22,18,288
2022-02-24,21,340,46,11,499
2022-02-25,7,151,43,13,265
2022-02-26,0,124,15,16,291
2022-02-27,5,114,30,7,284
2022-02-28,10,123,39,6,223
2022-03-01,11,118,50,0,225
2022-03-02,3,71,65,17,202
2022-03-03,5,80,44,4,277
2022-03-04,47,157,116,19,162
2022-03-05,19,120,61,30,208
2022-03-06,17,112,64,18,262
2022-03-07,19,152,113,13,170
2022-03-08,87,201,125,6,167
2022-03-09,124,247,171,9,308
2022-03-10,82,258,158,16,428
2022-03-11,177,253,166,64,393
2022-03-12,66,124,92,14,342
2022-03-13,59,156,98,6,248
2022-03-14,136,142,104,15,286
2022-03-15,54,125,120,16,237
2022-03-16,41,96,66,12,388
2022-03-17,115,107,69,15,288
2022-03-18,159,84,96,9,220
2022-03-19,65,48,49,1,185
2022-03-20,42,67,65,6,194
2022-03-21,45,119,81,16,168
2022-03-22,78,138,126,7,181
2022-03-23,42,62,69,8,189
2022-03-24,65,89,72,8,173
2022-03-25,60,101,99,22,217
2022-03-26,61,77,50,3,223
2022-03-27,70,79,41,8,209
2022-03-28,68,83,62,10,207
2022-03-29,74,78,54,3,175
2022-03-30,38,40,34,7,152
2022-03-31,62,48,17,3,108
2022-04-01,48,48,32,6,550
2022-04-02,34,45,29,2,239
2022-04-03,44,37,42,2,208
2022-04-04,124,118,102,6,408
2022-04-05,76,123,123,9,61
2022-04-06,35,80,101,15,3
2022-04-07,75,100,119,7,9
2022-04-08,74,144,79,4,278
2022-04-09,60,116,100,29,235
2022-04-10,63,68,73,3,155
2022-04-11,62,72,74,3,271
2022-04-12,295,394,182,21,462
2022-04-13,307,319,148,16,278
2022-04-14,170,159,71,23,217
2022-04-15,319,84,69,8,178
2022-04-16,252,77,62,7,142
2022-04-17,162,64,41,7,162
2022-04-18,77,87,68,14,214
2022-04-19,108,38,39,6,174
2022-04-20,64,57,46,3,155
2022-04-21,59,32,35,0,151
2022-04-22,55,49,27,10,13
2022-04-23,98,45,54,11,1
2022-04-24,64,41,28,7,1
2022-04-25,125,49,21,8,6
2022-04-26,74,49,28,3,5
2022-04-27,205,44,115,13,4
2022-04-28,184,41,16,5,108
2022-04-29,111,29,24,4,117
2022-04-30,303,27,12,0,116
2022-05-01,281,41,26,5,136
2022-05-02,215,48,38,5,147
2022-05-03,438,77,56,12,129
2022-05-04,234,33,31,3,100
2022-05-05,226,30,44,4,94
2022-05-06,149,35,50,1,127
2022-05-07,95,33,33,1,119
2022-05-08,163,28,29,2,145
2022-05-09,85,36,24,1,102
2022-05-10,82,28,24,1,101
2022-05-11,56,18,95,2,114
2022-05-12,49,28,13,1,129
2022-05-13,103,17,21,10,108
2022-05-14,226,51,38,8,745
2022-05-15,518,188,210,31,1069
2022-05-16,390,151,169,12,348
2022-05-17,216,90,116,13,216
2022-05-18,165,56,39,4,152
2022-05-19,128,47,43,8,123
2022-05-20,98,42,29,9,119
2022-05-21,91,29,55,11,108
2022-05-22,111,21,18,3,93
2022-05-23,81,19,63,10,88
2022-05-24,318,61,73,4,361
2022-05-25,892,169,158,13,276
2022-05-26,1900,171,183,8,290
2022-05-27,1900,211,135,29,208
2022-05-28,835,189,161,10,172
2022-05-29,632,91,99,7,156
2022-05-30,355,122,92,4,163
2022-05-31,423,94,74,11,152
2022-06-01,343,118,98,8,110
2022-06-02,364,108,130,14,142
2022-06-03,277,57,48,15,103
2022-06-04,181,67,39,8,132
2022-06-05,155,56,35,18,114
2022-06-06,146,53,45,6,106
2022-06-07,146,41,29,2,115
2022-06-08,217,72,43,10,152
2022-06-09,192,79,70,2,179
2022-06-10,302,92,52,9,98
2022-06-11,129,51,36,1,168
2022-06-12,212,91,72,1,171
2022-06-13,157,72,52,8,136
2022-06-14,127,67,57,6,99
2022-06-15,178,46,57,4,101
2022-06-16,181,58,33,12,113
2022-06-17,169,49,29,14,101
2022-06-18,94,36,25,6,101
2022-06-19,62,43,25,3,137
2022-06-20,138,70,36,12,109
2022-06-21,221,100,35,3,131
2022-06-22,292,86,41,5,115
2022-06-23,197,69,40,6,95
2022-06-24,116,68,55,2,140
2022-06-25,101,43,47,5,126
2022-06-26,106,28,19,8,133
2022-06-27,60,50,42,21,128
2022-06-28,105,41,33,2,129
2022-06-29,116,48,38,6,97
2022-06-30,56,39,27,2,85
2022-07-01,53,24,15,2,98
2022-07-02,52,26,15,4,102
2022-07-03,69,50,41,8,151
2022-07-04,144,98,104,13,178
2022-07-05,289,102,79,8,136
2022-07-06,129,60,79,39,137
2022-07-07,136,50,39,13,100
2022-07-08,150,39,44,15,115
2022-07-09,83,32,15,6,110
2022-07-10,53,28,17,5,84
2022-07-11,79,41,21,5,113
2022-07-12,181,49,30,2,130
2022-07-13,170,65,47,1,117
2022-07-14,116,64,25,0,117
2022-07-15,62,48,50,0,127
2022-07-16,59,37,19,2,102
2022-07-17,76,49,19,0,119
2022-07-18,122,49,34,3,117
2022-07-19,167,44,39,0,109
2022-07-20,76,40,35,2,123
2022-07-21,101,28,24,0,103
2022-07-22,81,27,34,0,114
2022-07-23,82,26,26,1,123
2022-07-24,59,30,33,1,101
2022-07-25,67,37,26,2,85
2022-07-26,59,44,13,11,110
2022-07-27,46,31,17,5,103
2022-07-28,56,33,17,0,225
2022-07-29,64,23,26,17,358
2022-07-30,66,46,27,0,266
2022-07-31,47,26,23,0,189
2022-08-01,78,56,20,0,53
2022-08-02,72,41,35,0,56
2022-08-03,81,28,39,16,148
2022-08-04,73,30,24,0,141
2022-08-05,83,46,44,0,148
2022-08-06,65,27,37,5,118
2022-08-07,54,20,26,0,104
2022-08-08,40,23,22,6,146
2022-08-09,175,103,45,5,128
2022-08-10,123,43,56,0,108
2022-08-11,592,225,107,6,232
2022-08-12,325,85,58,5,146
2022-08-13,95,54,87,0,104
2022-08-14,155,61,47,0,143
2022-08-15,140,107,40,0,91
2022-08-16,116,68,46,0,12
2022-08-17,153,102,89,0,88
2022-08-18,121,65,65,0,125
2022-08-19,96,57,55,5,129
2022-08-20,35,31,20,7,134
2022-08-21,40,35,19,1,277
2022-08-22,51,34,34,1,196
2022-08-23,62,32,36,0,131
2022-08-24,71,34,38,0,107
2022-08-25,58,22,13,0,106
2022-08-26,50,18,12,2,77
2022-08-27,36,17,15,8,94
2022-08-28,79,12,8,2,96
2022-08-29,57,41,18,3,110
2022-08-30,59,65,28,2,48
2022-08-31,73,33,10,2,78
2022-09-01,109,43,11,2,275
2022-09-02,287,180,94,0,139
2022-09-03,87,71,34,1,4
2022-09-04,75,69,35,0,88
2022-09-05,243,80,24,0,135
2022-09-06,88,37,28,0,110
2022-09-07,108,38,10,1,112
2022-09-08,128,56,29,0,119
2022-09-09,100,46,25,0,87
2022-09-10,79,37,11,0,113
2022-09-11,299,91,56,0,118
2022-09-12,155,57,34,0,100
2022-09-13,109,58,22,0,98
2022-09-14,99,46,15,0,71
2022-09-15,76,43,11,0,102
2022-09-16,48,36,9,0,95
2022-09-17,29,30,13,0,116
2022-09-18,68,46,19,0,110
2022-09-19,79,43,13,2,131
2022-09-20,85,31,26,0,120
2022-09-21,63,39,64,0,147
2022-09-22,77,34,252,0,147
2022-09-23,47,42,18,0,126
2022-09-24,43,28,97,0,91
2022-09-25,27,36,19,0,101
2022-09-26,40,36,18,0,192
2022-09-27,54,64,43,0,516
2022-09-28,87,59,44,0,401
2022-09-29,64,48,31,0,258
2022-09-30,42,38,34,0,149
2022-10-01,44,33,54,1,138
2022-10-02,29,36,20,0,137
2022-10-03,39,45,20,0,131
2022-10-04,70,29,37,0,161
2022-10-05,60,39,29,1,137
2022-10-06,67,39,34,0,112
2022-10-07,83,49,37,0,97
2022-10-08,59,45,32,0,255
2022-10-09,25,36,19,0,141
2022-10-10,39,48,20,0,181
2022-10-11,56,35,22,0,153
2022-10-12,63,41,32,0,189
2022-10-13,109,46,51,0,187
2022-10-14,82,48,37,0,26
2022-10-15,71,26,25,0,5
2022-10-16,41,28,40,0,72
2022-10-17,46,27,32,1,96
2022-10-18,50,27,25,1,143
2022-10-19,115,36,31,0,133
2022-10-20,67,50,46,0,149
2022-10-21,110,49,76,0,163
2022-10-22,88,58,70,0,197
2022-10-23,160,65,111,0,272
2022-10-24,262,161,148,10,286
2022-10-25,175,122,89,7,168
2022-10-26,111,77,92,0,137
2022-10-27,171,91,60,0,166
2022-10-28,460,194,158,0,369
2022-10-29,364,137,155,0,235
2022-10-30,285,135,69,0,283
2022-10-31,202,110,95,0,121
2022-11-01,144,82,53,0,79
2022-11-02,188,68,52,0,36
2022-11-03,189,52,54,0,114
2022-11-04,96,50,52,1,83
2022-11-05,73,26,24,1,56
2022-11-06,86,47,37,0,57
2022-11-07,109,47,30,0,61
2022-11-08,86,35,34,1,42
2022-11-09,57,21,29,0,39
2022-11-10,98,28,14,0,48
2022-11-11,132,26,31,1,42
2022-11-12,81,43,34,1,35
2022-11-13,88,20,18,0,54
2022-11-14,81,29,14,1,40
2022-11-15,589,193,141,2,236
2022-11-16,1402,253,172,1,165
2022-11-17,679,91,71,10,86
2022-11-18,348,56,45,0,64
2022-11-19,120,26,27,2,48
2022-11-20,179,57,59,2,66
2022-11-21,238,64,40,0,64
2022-11-22,216,42,40,1,56
2022-11-23,134,53,39,2,69
2022-11-24,78,30,29,1,46
2022-11-25,69,25,41,1,24
2022-11-26,61,29,57,0,45
2022-11-27,52,22,46,1,38
2022-11-28,48,26,57,0,27
2022-11-29,74,34,59,0,41
2022-11-30,99,50,71,1,23
2022-12-01,125,35,43,0,47
2022-12-02,62,46,48,0,47
2022-12-03,100,37,38,6,35
2022-12-04,98,23,56,5,44
2022-12-05,75,43,33,1,52
2022-12-06,199,49,26,1,50
2022-12-07,424,44,48,1,45
2022-12-08,273,25,20,0,51
2022-12-09,151,36,16,1,40
2022-12-10,200,29,11,1,43
2022-12-11,77,25,9,0,35
2022-12-12,42,41,22,0,44
2022-12-13,52,59,24,7,40
2022-12-14,509,212,61,1,45
2022-12-15,216,73,26,1,36
2022-12-16,201,26,16,0,40
2022-12-17,226,42,15,0,21
2022-12-18,111,16,11,0,17
2022-12-19,153,22,23,1,49
2022-12-20,147,34,10,2,54
2022-12-21,109,29,10,1,37
2022-12-22,163,27,9,1,43
2022-12-23,89,17,3,1,39
2022-12-24,66,20,5,0,32
2022-12-25,40,10,4,2,31
2022-12-26,60,33,13,1,29
2022-12-27,47,17,9,0,47
2022-12-28,54,18,26,1,49
2022-12-29,66,30,11,0,39
2022-12-30,106,33,5,1,39
2022-12-31,299,18,9,0,38
2023-01-01,148,27,6,2,45
2023-01-02,120,25,6,3,25
2023-01-03,167,15,17,1,26
2023-01-04,61,9,18,2,31
2023-01-05,60,23,10,4,42
2023-01-06,444,45,15,0,52
2023-01-07,231,32,22,2,48
2023-01-08,103,23,14,0,57
2023-01-09,91,49,26,1,61
2023-01-10,99,57,17,1,47
2023-01-11,100,58,20,1,63
2023-01-12,134,43,23,2,42
2023-01-13,117,38,12,2,34
2023-01-14,99,38,13,2,32
2023-01-15,53,19,7,1,52
2023-01-16,146,38,27,2,49
2023-01-17,141,22,7,9,58
2023-01-18,89,31,7,0,48
2023-01-19,99,34,22,2,38
2023-01-20,76,28,13,2,39
2023-01-21,52,25,21,1,44
2023-01-22,119,47,28,1,74
2023-01-23,110,30,20,3,45
2023-01-24,131,30,28,1,58
2023-01-25,102,26,16,4,61
2023-01-26,65,19,5,1,59
2023-01-27,58,17,17,3,57
2023-01-28,421,48,19,9,42
2023-01-29,183,21,49,12,44
2023-01-30,91,31,13,1,37
2023-01-31,195,21,4,2,47
2023-02-01,100,16,17,1,36
2023-02-02,88,16,9,0,44
2023-02-03,235,40,21,10,71
2023-02-04,494,82,49,4,53
2023-02-05,179,61,29,3,36
2023-02-06,118,47,29,4,45
2023-02-07,109,49,31,1,30
2023-02-08,59,34,19,1,50
2023-02-09,111,60,25,1,34
2023-02-10,175,67,14,0,46
2023-02-11,169,61,25,1,60
2023-02-12,367,110,19,1,56
2023-02-13,447,123,50,2,55
2023-02-14,421,82,36,2,45
2023-02-15,196,38,34,5,64
2023-02-16,169,44,17,7,60
2023-02-17,108,48,10,0,58
2023-02-18,89,27,17,0,62
2023-02-19,71,90,18,3,68
2023-02-20,141,49,43,12,94
2023-02-21,243,50,24,14,38
2023-02-22,156,29,13,3,1
2023-02-23,300,56,24,3,1
2023-02-24,155,39,15,1,0
2023-02-25,57,21,17,8,38
2023-02-26,61,25,41,3,78
2023-02-27,61,15,12,1,67
2023-02-28,92,43,31,18,66
2023-03-01,136,44,37,3,56
2023-03-02,225,36,19,1,146
2023-03-03,116,24,18,2,86
2023-03-04,97,20,17,2,51
2023-03-05,77,28,11,0,43
2023-03-06,52,26,20,3,53
2023-03-07,979,105,73,4,79
2023-03-08,281,112,45,5,83
2023-03-09,241,65,41,2,59
2023-03-10,146,48,21,1,73
2023-03-11,160,36,20,6,61
2023-03-12,132,31,22,5,59
2023-03-13,72,33,32,10,47
2023-03-14,88,45,16,0,33
2023-03-15,85,22,22,6,55
2023-03-16,72,19,22,3,54
2023-03-17,86,16,18,3,65
2023-03-18,338,47,30,2,91
2023-03-19,374,39,33,6,51
2023-03-20,494,56,30,2,62
2023-03-21,203,41,35,3,86
2023-03-22,90,29,20,0,51
2023-03-23,74,29,15,1,53
2023-03-24,203,58,39,9,88
2023-03-25,117,35,33,2,69
2023-03-26,88,19,16,4,51
2023-03-27,528,42,45,3,158
2023-03-28,605,37,131,22,226
2023-03-29,387,62,173,9,129
2023-03-30,288,57,109,5,83
2023-03-31,207,58,84,2,70
2023-04-01,146,36,66,0,57
2023-04-02,92,22,109,3,73
2023-04-03,233,53,59,2,44
2023-04-04,162,22,79,6,64
2023-04-05,73,20,57,0,46
2023-04-06,106,17,74,0,69
2023-04-07,76,21,52,0,52
2023-04-08,43,18,54,1,48
2023-04-09,41,17,58,2,48
2023-04-10,314,26,89,3,42
2023-04-11,137,15,46,1,33
2023-04-12,100,15,40,1,69
2023-04-13,155,27,42,1,76
2023-04-14,137,36,78,8,111
2023-04-15,115,23,56,11,93
2023-04-16,111,17,37,14,83
2023-04-17,146,38,45,3,83
2023-04-18,50,15,52,3,105
2023-04-19,196,34,58,3,93
2023-04-20,82,23,117,4,83
2023-04-21,78,12,43,1,79
2023-04-22,68,23,38,2,75
2023-04-23,39,17,33,1,73
2023-04-24,121,20,29,0,79
2023-04-25,45,15,35,4,80
2023-04-26,58,12,49,3,78
2023-04-27,49,12,31,3,74
2023-04-28,21,20,53,1,80
2023-04-29,40,14,62,1,104
2023-04-30,53,13,41,0,85
2023-05-01,53,7,65,2,80
2023-05-02,59,16,59,1,69
2023-05-03,309,52,119,6,621
2023-05-04,230,59,85,6,256
2023-05-05,65,41,75,6,127
2023-05-06,65,29,52,10,115
2023-05-07,102,42,71,8,148
2023-05-08,86,33,61,0,105
2023-05-09,82,16,93,0,98
2023-05-10,52,14,31,3,88
2023-05-11,35,15,65,3,79
2023-05-12,58,8,11,1,121
2023-05-13,77,20,33,2,82
2023-05-14,147,24,30,0,73
2023-05-15,154,47,103,1,116
2023-05-16,95,32,50,4,91
2023-05-17,32,23,39,1,78
2023-05-18,119,33,72,3,109
2023-05-19,91,22,55,1,97
2023-05-20,68,20,49,1,82
2023-05-21,56,26,60,1,76
2023-05-22,85,40,138,0,207
2023-05-23,600,219,382,3,200
2023-05-24,216,112,180,1,93
2023-05-25,166,65,103,4,130
2023-05-26,77,48,59,0,125
2023-05-27,80,35,61,0,116
2023-05-28,40,22,38,0,109
2023-05-29,77,34,38,0,104
2023-05-30,190,68,94,0,177
2023-05-31,110,57,93,0,104
2023-06-01,68,48,56,0,82
2023-06-02,63,24,68,1,94
2023-06-03,47,31,18,0,66
2023-06-04,77,36,34,3,95
2023-06-05,87,19,61,1,88
2023-06-06,134,41,47,22,127
2023-06-07,98,24,30,8,84
2023-06-08,123,34,71,0,163
2023-06-09,84,55,47,7,115
2023-06-10,63,32,40,17,95
2023-06-11,70,31,41,11,95
2023-06-12,74,38,42,3,91
2023-06-13,108,43,39,6,114
2023-06-14,88,21,24,0,117
2023-06-15,93,29,37,2,104
2023-06-16,43,27,49,3,80
2023-06-17,41,18,27,2,74
2023-06-18,23,11,31,10,93
2023-06-19,37,21,34,57,111
2023-06-20,38,33,47,38,93
2023-06-21,61,12,30,5,68
2023-06-22,75,20,38,11,112
2023-06-23,99,52,97,18,207
2023-06-24,260,64,91,6,192
2023-06-25,104,31,70,64,147
2023-06-26,119,39,59,29,125
2023-06-27,152,29,35,5,80
2023-06-28,64,22,39,1,64
2023-06-29,47,26,31,24,74
2023-06-30,49,28,23,2,100
2023-07-01,32,21,34,4,90
2023-07-02,76,25,32,5,111
2023-07-03,103,36,48,16,134
2023-07-04,148,45,66,9,265
2023-07-05,348,91,169,13,224
2023-07-06,285,81,102,4,101
2023-07-07,138,41,47,3,73
2023-07-08,61,24,34,1,76
2023-07-09,62,27,31,0,94
2023-07-10,53,25,28,1,93
2023-07-11,58,23,22,2,79
2023-07-12,45,23,21,5,80
2023-07-13,77,52,59,6,87
2023-07-14,64,29,40,5,117
2023-07-15,67,20,25,3,68
2023-07-16,57,17,21,4,62
2023-07-17,33,23,25,4,71
2023-07-18,85,18,22,1,87
2023-07-19,219,23,27,0,73
2023-07-20,111,22,38,8,78
2023-07-21,92,54,54,17,78
2023-07-22,61,30,43,10,73
2023-07-23,58,22,18,19,97
2023-07-24,82,21,23,9,84
2023-07-25,92,21,34,2,91
2023-07-26,77,24,29,2,81
2023-07-27,72,33,31,8,95
2023-07-28,44,19,14,2,76
2023-07-29,39,14,16,5,81
2023-07-30,75,20,12,4,93
2023-07-31,80,34,18,0,79
2023-08-01,174,25,40,1,116
2023-08-02,303,67,40,6,86
2023-08-03,184,30,26,3,81
2023-08-04,100,27,17,0,120
2023-08-05,60,21,13,1,48
2023-08-06,68,22,19,0,72
2023-08-07,62,19,9,1,80
2023-08-08,37,14,12,0,65
2023-08-09,125,18,17,2,102
2023-08-10,107,28,7,3,11
2023-08-11,99,40,13,2,11
2023-08-12,70,20,15,0,22
2023-08-13,60,22,41,4,72
2023-08-14,222,48,36,5,74
2023-08-15,129,35,37,2,92
2023-08-16,95,29,28,1,59
2023-08-17,64,42,32,2,74
2023-08-18,65,27,27,1,82
2023-08-19,49,24,62,3,50
2023-08-20,41,18,20,1,82
2023-08-21,57,21,23,2,86
2023-08-22,131,9,19,0,79
2023-08-23,90,16,23,1,70
2023-08-24,235,21,12,2,51
2023-08-25,172,18,15,1,42
2023-08-26,57,15,14,7,123
2023-08-27,96,16,28,7,71
2023-08-28,120,21,24,13,68
2023-08-29,115,16,19,2,68
2023-08-30,78,16,6,1,75
2023-08-31,118,19,16,9,74
2023-09-01,70,19,11,1,60
2023-09-02,76,17,13,0,45
2023-09-03,132,28,23,0,31
2023-09-04,73,14,33,2,61
2023-09-05,80,24,13,3,63
2023-09-06,72,19,18,1,34
2023-09-07,63,28,12,7,62
2023-09-08,57,34,22,4,100
2023-09-09,42,24,13,3,81
2023-09-10,60,21,17,2,84
2023-09-11,258,64,52,3,96
2023-09-12,185,47,46,4,75
2023-09-13,82,40,21,3,55
2023-09-14,58,22,26,1,84
2023-09-15,80,33,31,3,72
2023-09-16,74,11,11,5,58
2023-09-17,104,23,14,2,67
2023-09-18,104,27,38,15,118
2023-09-19,133,45,28,11,76
2023-09-20,251,27,27,2,78
2023-09-21,175,23,34,5,46
2023-09-22,115,22,32,1,55
2023-09-23,66,14,10,2,47
2023-09-24,75,12,18,8,71
2023-09-25,63,19,17,2,76
2023-09-26,85,21,18,1,59
2023-09-27,237,24,9,3,36
2023-09-28,52,16,10,4,82
2023-09-29,48,8,23,2,70
2023-09-30,46,8,6,3,62
2023-10-01,97,18,2,3,52
2023-10-02,43,9,16,5,39
2023-10-03,70,14,22,3,70
2023-10-04,73,34,14,1,55
2023-10-05,83,29,14,2,69
2023-10-06,76,17,12,1,62
2023-10-07,285,44,41,6,253
2023-10-08,430,63,107,36,397
2023-10-09,437,115,172,44,367
2023-10-10,400,171,141,18,366
2023-10-11,396,135,149,16,242
2023-10-12,528,88,130,36,257
2023-10-13,284,96,73,22,164
2023-10-14,241,56,22,31,145
2023-10-15,241,65,31,49,149
2023-10-16,192,61,35,6,175
2023-10-17,200,68,45,24,195
2023-10-18,188,57,36,4,189
2023-10-19,194,46,20,10,135
2023-10-20,119,32,21,12,88
2023-10-21,85,26,14,3,140
2023-10-22,82,23,17,4,143
2023-10-23,110,40,22,20,165
2023-10-24,90,40,17,6,148
2023-10-25,109,45,19,6,250
2023-10-26,512,63,55,20,311
2023-10-27,252,57,18,1,206
2023-10-28,213,44,25,7,143
2023-10-29,167,31,15,6,140
2023-10-30,143,29,13,2,140
2023-10-31,173,39,19,4,122
2023-11-01,131,41,23,7,167
2023-11-02,107,46,19,8,155
2023-11-03,127,43,25,1,123
2023-11-04,104,27,30,3,120
2023-11-05,113,33,20,4,106
2023-11-06,108,28,15,14,126
2023-11-07,288,25,18,1,127
2023-11-08,190,19,10,6,127
2023-11-09,116,29,9,7,154
2023-11-10,77,45,11,1,113
2023-11-11,74,40,8,5,134
2023-11-12,91,37,9,4,128
2023-11-13,150,34,16,5,103
2023-11-14,85,30,19,3,92
2023-11-15,108,35,18,9,126
2023-11-16,144,36,9,8,189
2023-11-17,190,36,14,7,150
2023-11-18,127,35,12,0,142
2023-11-19,463,40,20,5,137
2023-11-20,124,18,12,5,99
2023-11-21,144,23,10,0,84
2023-11-22,221,35,18,1,217
2023-11-23,112,19,19,4,166
2023-11-24,71,25,11,2,137
2023-11-25,112,21,9,6,174
2023-11-26,68,19,20,2,73
2023-11-27,70,26,13,4,78
2023-11-28,73,36,12,3,93
2023-11-29,61,29,8,7,65
2023-11-30,76,29,13,4,65
2023-12-01,73,25,11,3,78
2023-12-02,68,35,8,1,52
2023-12-03,70,29,15,3,119
2023-12-04,57,33,10,2,63
2023-12-05,68,28,20,4,115
2023-12-06,107,37,23,20,112
2023-12-07,121,40,32,5,97
2023-12-08,80,30,29,6,77
2023-12-09,58,16,18,2,78
2023-12-10,62,16,10,2,128
2023-12-11,75,29,12,3,83
2023-12-12,68,29,23,3,109
2023-12-13,97,41,43,3,115
2023-12-14,82,42,29,2,84
2023-12-15,74,78,26,1,98
2023-12-16,63,25,17,1,92
2023-12-17,36,30,12,3,93
2023-12-18,74,23,8,2,106
2023-12-19,88,24,22,1,91
2023-12-20,445,32,20,0,85
2023-12-21,158,22,16,0,138
2023-12-22,118,21,22,1,74
2023-12-23,62,17,22,6,92
2023-12-24,45,24,12,2,74
2023-12-25,63,10,10,0,83
2023-12-26,69,7,14,1,80
2023-12-27,56,19,23,3,60
2023-12-28,165,23,31,4,79
2023-12-29,121,31,22,1,72
2023-12-30,74,20,23,0,97
2023-12-31,67,22,20,2,86
2024-01-01,73,17,19,3,71
2024-01-02,184,21,28,0,72
2024-01-03,152,15,12,7,105
2024-01-04,193,31,15,2,108
2024-01-05,176,79,54,1,125
2024-01-06,204,74,47,2,102
2024-01-07,159,46,17,5,73
2024-01-08,120,52,21,5,69
2024-01-09,131,44,26,1,79
2024-01-10,92,32,22,2,93
2024-01-11,127,54,30,2,84
2024-01-12,108,40,28,9,76
2024-01-13,41,38,11,1,79
2024-01-14,110,28,14,1,88
2024-01-15,69,44,18,7,68
2024-01-16,68,26,9,2,73
2024-01-17,53,23,11,1,74
2024-01-18,89,17,15,1,74
2024-01-19,84,19,10,6,81
2024-01-20,85,12,11,5,96
2024-01-21,76,19,7,4,91
2024-01-22,62,21,17,7,73
2024-01-23,60,15,11,2,83
2024-01-24,161,20,16,2,90
2024-01-25,108,47,17,3,92
2024-01-26,216,55,36,3,89
2024-01-27,189,63,47,7,89
2024-01-28,179,54,47,7,99
2024-01-29,155,41,46,1,118
2024-01-30,197,76,62,5,115
2024-01-31,224,71,43,6,131
2024-02-01,136,57,18,3,71
2024-02-02,162,80,43,5,78
2024-02-03,75,32,30,4,47
2024-02-04,77,30,24,2,69
2024-02-05,75,45,14,2,89
2024-02-06,152,24,15,5,89
2024-02-07,190,26,14,7,71
2024-02-08,217,35,31,6,73
2024-02-09,151,25,28,5,69
2024-02-10,73,24,21,4,60
2024-02-11,111,27,29,4,152
2024-02-12,92,18,16,8,91
2024-02-13,106,14,7,9,73
2024-02-14,219,32,43,9,135
2024-02-15,275,65,42,3,70
2024-02-16,124,44,23,5,82
2024-02-17,52,16,9,3,72
2024-02-18,100,18,9,1,130
2024-02-19,62,25,12,2,82
2024-02-20,77,37,17,2,106
2024-02-21,100,23,36,1,79
2024-02-22,70,12,24,2,103
2024-02-23,61,12,18,3,78
2024-02-24,51,25,28,3,82
2024-02-25,49,14,47,1,48
2024-02-26,78,18,13,2,162
2024-02-27,107,26,17,2,119
2024-02-28,66,34,32,1,100
2024-02-29,42,14,17,1,95
2024-03-01,46,16,13,3,82
2024-03-02,42,12,11,1,92
2024-03-03,57,21,17,5,64
2024-03-04,58,13,10,2,68
2024-03-05,82,19,17,1,70
2024-03-06,100,19,20,2,99
2024-03-07,77,31,25,3,105
2024-03-08,52,17,15,2,126
2024-03-09,40,30,6,1,74
2024-03-10,56,12,7,3,77
2024-03-11,48,23,7,1,67
2024-03-12,52,10,12,1,73
2024-03-13,78,23,5,3,91
2024-03-14,60,16,16,1,69
2024-03-15,61,12,7,2,73
2024-03-16,46,16,10,4,73
2024-03-17,30,11,6,7,112
2024-03-18,126,18,12,4,100
2024-03-19,93,10,23,1,86
2024-03-20,55,18,9,7,82
2024-03-21,53,11,10,3,60
2024-03-22,137,28,33,14,756
2024-03-23,303,51,53,13,526
2024-03-24,187,50,23,14,251
2024-03-25,123,39,50,11,164
2024-03-26,264,72,45,28,204
2024-03-27,223,53,19,11,123
2024-03-28,214,45,19,5,86
2024-03-29,169,30,15,2,73
2024-03-30,140,19,14,3,78
2024-03-31,58,18,12,2,86
2024-04-01,128,20,9,3,63
2024-04-02,80,16,12,1,94
2024-04-03,119,11,17,3,89
2024-04-04,66,10,17,4,101
2024-04-05,89,15,21,5,80
2024-04-06,52,16,27,3,68
2024-04-07,45,16,9,1,90
2024-04-08,78,19,30,1,70
2024-04-09,57,14,15,1,52
2024-04-10,48,16,10,2,53
2024-04-11,61,10,14,2,38
2024-04-12,97,20,13,7,34
2024-04-13,93,23,19,0,115
2024-04-14,91,23,46,1,114
2024-04-15,99,28,21,1,71
2024-04-16,79,16,29,2,64
2024-04-17,40,14,13,2,63
2024-04-18,107,9,20,3,69
2024-04-19,84,22,16,4,83
2024-04-20,73,10,13,1,52
2024-04-21,66,16,11,1,56
2024-04-22,127,20,7,2,67
2024-04-23,104,30,28,3,61
2024-04-24,86,13,9,5,96
2024-04-25,80,25,15,9,50
2024-04-26,52,14,12,6,56
2024-04-27,75,25,2,1,61
2024-04-28,38,17,7,0,65
2024-04-29,57,15,5,1,74
2024-04-30,63,10,14,4,78
2024-05-01,80,15,9,3,60
2024-05-02,47,13,10,9,71
2024-05-03,44,8,15,6,52
2024-05-04,57,11,15,5,69
2024-05-05,89,6,18,3,52
2024-05-06,75,14,3,2,68
2024-05-07,73,13,5,1,91
2024-05-08,47,9,13,1,85
2024-05-09,49,8,6,1,53
2024-05-10,45,7,14,5,71
2024-05-11,28,7,14,0,48
2024-05-12,38,9,12,4,62
2024-05-13,51,11,20,4,50
2024-05-14,129,8,34,3,53
2024-05-15,112,10,6,4,65
2024-05-16,40,9,9,1,34
2024-05-17,83,10,7,1,42
2024-05-18,64,5,5,1,40
2024-05-19,36,10,6,0,22
2024-05-20,46,7,4,5,40
2024-05-21,114,12,3,4,42
2024-05-22,124,11,9,3,32
2024-05-23,87,20,5,2,46
2024-05-24,77,20,9,1,41
2024-05-25,42,16,13,1,48
2024-05-26,54,11,2,3,61
2024-05-27,42,9,10,3,37
2024-05-28,91,20,5,6,35
2024-05-29,98,24,9,6,70
2024-05-30,127,27,12,4,59
2024-05-31,130,68,27,3,43
2024-06-01,159,36,5,7,31
2024-06-02,104,30,7,4,41
2024-06-03,76,18,8,4,40
2024-06-04,81,18,12,1,41
2024-06-05,80,26,7,3,36
2024-06-06,65,21,19,3,35
2024-06-07,89,26,6,8,50
2024-06-08,95,18,9,6,45
2024-06-09,71,18,5,3,34
2024-06-10,57,21,10,12,52
2024-06-11,102,16,6,13,41
2024-06-12,76,20,10,1,48
2024-06-13,65,20,22,4,63
2024-06-14,61,14,12,7,32
2024-06-15,58,12,15,3,37
2024-06-16,55,14,11,3,68
2024-06-17,57,10,19,7,34
2024-06-18,91,13,57,1,88
2024-06-19,158,33,50,24,81
2024-06-20,120,30,37,4,50
2024-06-21,81,17,36,6,56
2024-06-22,61,13,32,4,41
2024-06-23,89,31,49,3,68
2024-06-24,120,22,40,1,59
2024-06-25,111,20,39,1,54
2024-06-26,214,28,58,0,51
2024-06-27,157,41,91,13,62
2024-06-28,147,38,76,4,33
2024-06-29,155,44,213,10,34
2024-06-30,118,41,71,7,43
2024-07-01,108,33,80,6,50
2024-07-02,61,23,50,1,35
2024-07-03,100,22,54,1,40
2024-07-04,81,16,38,4,33
2024-07-05,32,16,21,1,37
2024-07-06,34,9,46,3,51
2024-07-07,45,27,52,12,33
2024-07-08,53,28,70,3,77
2024-07-09,182,28,50,4,35
2024-07-10,81,16,43,1,58
2024-07-11,41,15,28,1,33
2024-07-12,44,15,43,2,19
2024-07-13,129,26,55,2,144
2024-07-14,361,66,336,11,54
2024-07-15,177,35,170,17,38
2024-07-16,141,40,109,14,45
2024-07-17,276,43,110,5,23
2024-07-18,111,29,70,6,45
2024-07-19,117,22,83,5,44
2024-07-20,45,24,72,2,42
2024-07-21,69,17,57,1,32
2024-07-22,68,13,61,3,26
2024-07-23,61,55,104,2,33
2024-07-24,80,20,49,1,44
2024-07-25,108,19,63,2,62
2024-07-26,110,6,69,3,42
2024-07-27,55,13,72,6,131
2024-07-28,66,21,76,3,87
2024-07-29,58,10,71,4,68
2024-07-30,54,6,61,7,54
2024-07-31,69,9,73,13,66
2024-08-01,65,11,50,2,60
2024-08-02,60,12,77,2,50
2024-08-03,64,15,79,1,88
2024-08-04,49,10,85,1,77
2024-08-05,70,5,54,1,61
2024-08-06,68,12,55,0,55
2024-08-07,41,7,66,1,53
2024-08-08,62,26,82,0,63
2024-08-09,59,9,79,1,41
2024-08-10,65,10,100,1,46
2024-08-11,66,20,50,0,34
2024-08-12,66,24,71,2,52
2024-08-13,68,19,73,0,29
2024-08-14,109,9,33,9,35
2024-08-15,62,22,31,10,32
2024-08-16,45,7,44,1,31
2024-08-17,38,13,32,4,39
2024-08-18,77,14,53,4,41
2024-08-19,64,11,67,2,43
2024-08-20,29,8,41,0,29
2024-08-21,38,11,38,0,47
2024-08-22,42,9,36,0,25
2024-08-23,34,7,29,2,47
2024-08-24,38,4,34,2,41
2024-08-25,39,5,38,0,46
2024-08-26,41,5,31,11,76
2024-08-27,56,6,44,6,42
2024-08-28,30,8,58,3,41
2024-08-29,45,9,45,1,34
2024-08-30,23,9,33,4,41
2024-08-31,25,6,43,4,20
2024-09-01,26,7,44,1,60
2024-09-02,23,9,40,9,42
2024-09-03,32,5,50,2,37
2024-09-04,95,8,76,0,48
2024-09-05,75,10,105,1,63
2024-09-06,57,10,64,4,67
2024-09-07,32,9,33,1,47
2024-09-08,41,2,47,2,54
2024-09-09,37,6,45,0,87
2024-09-10,55,6,39,0,43
2024-09-11,96,12,95,3,58
2024-09-12,56,9,96,4,33
2024-09-13,31,8,41,16,39
2024-09-14,37,2,35,4,39
2024-09-15,72,6,58,2,42
2024-09-16,99,15,156,6,38
2024-09-17,54,5,50,9,42
2024-09-18,39,6,48,10,41
2024-09-19,40,4,29,0,30
2024-09-20,40,4,36,5,19
2024-09-21,21,24,34,0,20
2024-09-22,27,2,32,2,2
2024-09-23,50,3,35,4,20
2024-09-24,77,6,63,0,6
2024-09-25,83,20,74,7,20
2024-09-26,55,6,43,2,11
2024-09-27,103,11,50,3,24
2024-09-28,48,10,52,1,6
2024-09-29,24,3,29,1,19
2024-09-30,23,6,38,1,20
2024-10-01,52,11,66,5,26
2024-10-02,30,10,66,2,12
2024-10-03,42,22,12,5,26
2024-10-04,36,18,5,1,22
2024-10-05,21,14,4,0,25
2024-10-06,18,9,12,3,23
2024-10-07,67,12,64,8,28
2024-10-08,54,9,52,2,25
2024-10-09,57,4,31,1,27
2024-10-10,25,5,25,0,63
2024-10-11,14,6,41,25,72
2024-10-12,34,12,24,3,87
2024-10-13,18,5,33,9,59
2024-10-14,33,9,50,2,50
2024-10-15,29,11,56,8,96
2024-10-16,35,10,46,6,62
2024-10-17,24,7,25,77,60
2024-10-18,20,4,36,0,47
2024-10-19,23,8,27,4,62
2024-10-20,24,10,42,5,84
2024-10-21,26,8,34,12,55
2024-10-22,39,11,40,0,63
2024-10-23,34,7,46,0,71
2024-10-24,30,19,46,2,71
2024-10-25,27,12,30,3,68
2024-10-26,44,7,50,2,84
2024-10-27,32,5,49,2,50
2024-10-28,45,11,54,4,55
2024-10-29,79,34,107,7,96
2024-10-30,60,18,82,4,73
2024-10-31,64,17,36,2,59
2024-11-01,25,6,42,14,41
2024-11-02,34,8,74,2,58
2024-11-03,45,14,48,4,68
2024-11-04,87,12,63,1,70
2024-11-05,30,13,42,5,69
2024-11-06,22,19,39,3,83
2024-11-07,39,12,48,5,65
2024-11-08,39,14,48,2,89
2024-11-09,42,18,57,2,74
2024-11-10,40,10,47,4,64
2024-11-11,25,20,42,8,56
2024-11-12,44,9,41,4,71
2024-11-13,35,11,42,4,61
2024-11-14,38,10,72,0,66
2024-11-15,26,3,45,3,64
2024-11-16,25,5,29,2,41
2024-11-17,29,8,43,1,59
2024-11-18,31,7,35,3,83
2024-11-19,40,10,36,2,95
2024-11-20,28,5,43,4,84
2024-11-21,74,10,63,2,72
2024-11-22,38,19,45,17,53
2024-11-23,111,25,46,2,61
2024-11-24,238,21,53,7,70
2024-11-25,97,13,53,5,94
2024-11-26,47,7,44,10,65
2024-11-27,81,13,35,2,64
2024-11-28,59,5,46,0,58
2024-11-29,70,8,41,5,63
2024-11-30,79,13,63,1,65
2024-12-01,44,10,76,8,61
2024-12-02,29,10,53,1,58
2024-12-03,42,3,47,0,76
2024-12-04,24,2,42,19,88
2024-12-05,33,6,42,5,85
2024-12-06,48,2,116,2,83
2024-12-07,107,5,91,1,79
2024-12-08,101,10,62,9,55
2024-12-09,79,8,66,2,75
2024-12-10,113,3,65,7,84
2024-12-11,118,11,59,14,99
2024-12-12,84,21,90,1,76
2024-12-13,92,11,105,3,92
2024-12-14,101,31,97,4,112
2024-12-15,112,35,112,2,162
2024-12-16,171,31,110,3,98
2024-12-17,139,24,116,6,108
2024-12-18,102,29,129,1,95
2024-12-19,60,19,92,1,80
2024-12-20,82,21,75,8,143
2024-12-21,111,28,131,9,88
2024-12-22,52,19,70,1,69
2024-12-23,61,12,63,3,80
2024-12-24,53,19,81,0,39
2024-12-25,15,13,40,2,44
2024-12-26,19,9,32,3,49
2024-12-27,24,18,32,0,62
2024-12-28,29,12,45,2,82
2024-12-29,23,3,49,8,62
2024-12-30,37,12,57,3,48
2024-12-31,63,6,64,0,67
2025-01-01,23,1,6,0,16
